ID,y
5760,-298.53519208403304
5761,-290.98935386608355
5762,-254.14592914181412
5763,-261.75995042943396
5764,-281.89622341876384
5765,-275.1685782336572
5766,-267.0697802945506
5767,-242.40367041734862
5768,-215.39004977955483
5769,-186.88482951498008
5770,60.03624433846562
5771,240.79361926065758
5772,536.3911081913102
5773,574.7081293982628
5774,606.154145361972
5775,639.769313785655
5776,649.9061512458429
5777,585.5957841266063
5778,553.7404421598185
5779,474.93181216923404
5780,472.2642959289078
5781,460.8596313383314
5782,419.1345484992198
5783,422.9687477198022
5784,-348.14462159681716
5785,-315.90317276943824
5786,-270.7182297495019
5787,-199.74263936461648
5788,-158.35316532471916
5789,-93.08342341717798
5790,-41.69381454359973
5791,-30.621081768767908
5792,21.360065013199346
5793,88.96468866572832
5794,163.01035033428343
5795,255.08261989936
5796,330.8540296348219
5797,404.53279570050654
5798,460.69175686870585
5799,518.9160571297107
5800,521.5198712171114
5801,517.7955354599108
5802,513.3400839528767
5803,543.0914040014904
5804,569.8303384819883
5805,583.1657940134464
5806,616.5691796958854
5807,594.0255943874363
5808,47.9233864180278
5809,69.28166056319606
5810,79.08604601820116
5811,89.48733021810767
5812,86.9169153822877
5813,86.35712624251028
5814,117.83587200631155
5815,127.0544312983111
5816,146.47435106892954
5817,162.24708559794817
5818,211.52664206086774
5819,253.6059524656448
5820,381.6787824149069
5821,470.5714671956084
5822,567.6992011464608
5823,599.5004103024257
5824,633.4531481338199
5825,636.850575274846
5826,574.0088540544093
5827,558.3384054284834
5828,596.4517614846409
5829,589.2169359341788
5830,584.6202533467731
5831,609.5095054431295
5832,-130.1725933435373
5833,-102.92260211028042
5834,-97.76228235117742
5835,-99.91730161191663
5836,-72.7054455318139
5837,-48.96780770728947
5838,-45.77712057548342
5839,-77.999286306469
5840,-70.58797898661578
5841,-356.1828501361597
5842,-76.15579077214352
5843,-42.934353044925956
5844,-390.9067313683918
5845,41.260361733904574
5846,64.48690838532639
5847,-68.45581791663426
5848,86.77086187637178
5849,169.3529896743421
5850,233.70445831140387
5851,403.5844732002006
5852,410.9874018669361
5853,413.94404953025514
5854,429.7742399374838
5855,520.2969357178663
5856,-158.2334764142288
5857,-60.18935406286619
5858,-10.663077791890828
5859,6.238238015881507
5860,19.450323514494812
5861,21.290023492707405
5862,46.10678171276231
5863,91.49931317989831
5864,124.74233465426369
5865,180.65374815757968
5866,231.08538053493248
5867,252.2572991400084
5868,290.9160173929995
5869,336.4557691014197
5870,398.3235278192151
5871,485.65358616097365
5872,543.4949019172636
5873,567.51684087998
5874,569.5991054599872
5875,546.397763947607
5876,500.3772007373627
5877,525.593064394634
5878,550.8089280519343
5879,571.403613065253
5880,-9.067285752098542
5881,-15.535675753548276
5882,-79.15884022437967
5883,-77.95988588934415
5884,-67.0333193676779
5885,-108.24165003924281
5886,-34.08630256293691
5887,1.420148621138651
5888,91.10327163490001
5889,253.95292152339243
5890,396.49091895649326
5891,435.50477890108596
5892,471.2798463726067
5893,458.2292276174703
5894,520.5029639854329
5895,555.1899394149077
5896,598.5210580960265
5897,623.6718072656367
5898,635.9397673805652
5899,631.2691888333065
5900,634.6015979837975
5901,593.6691597470781
5902,607.1914233885182
5903,631.8568263126945
5904,-33.35238045518054
5905,-32.63564777083229
5906,-7.27010534927831
5907,2.2957183859543875
5908,66.20132394693792
5909,63.11297202084097
5910,71.97865625860868
5911,88.40974913633545
5912,129.03558586389408
5913,167.01614815730136
5914,218.24746876428253
5915,269.1237747302803
5916,330.5319041352486
5917,387.2812580881873
5918,431.38207156190765
5919,493.20014325986267
5920,565.9024019856297
5921,591.052505394764
5922,584.1467563099577
5923,607.9200665287208
5924,597.2663059626648
5925,610.9805228120531
5926,629.397114129737
5927,636.9884757777036
5928,-22.796338754647877
5929,15.808598773321137
5930,78.47880312503548
5931,140.95873080039746
5932,167.88694386539282
5933,211.07894337319885
5934,249.03498323258827
5935,270.59583347974694
5936,313.66707373489044
5937,304.82580366771435
5938,366.2635440627637
5939,399.0597105762863
5940,431.4681228042173
5941,451.08376225089887
5942,420.7280927642423
5943,446.68764583344455
5944,487.1142599817249
5945,508.9451120061567
5946,480.03459600472706
5947,505.26288896019105
5948,539.1700343444536
5949,563.4357681586116
5950,594.5124664629984
5951,624.9356781207025
5952,-23.203606994298752
5953,5.1902747561980505
5954,41.50793750130106
5955,58.67633455185569
5956,76.65528529029689
5957,100.61312421114417
5958,111.43055398447905
5959,152.46635389191215
5960,173.57630650722422
5961,208.42247005691752
5962,269.9263395012531
5963,360.2991099789506
5964,408.2093054158031
5965,480.0330791711167
5966,565.0900261353818
5967,612.7526008065906
5968,627.2452618255338
5969,616.4062110082305
5970,598.0695504479227
5971,538.1203069926996
5972,476.6145295916067
5973,449.9448724728427
5974,470.265494771651
5975,443.0642240169982
5976,-256.44501502337516
5977,-236.25668044388294
5978,-232.74254663099418
5979,-199.754121205071
5980,-172.4278596654476
5981,-123.97277303240844
5982,-90.74389361671638
5983,-28.962775942345615
5984,17.218207488767803
5985,89.69608964392683
5986,152.10895410861121
5987,245.87099003832554
5988,347.90432150947163
5989,417.88801735432935
5990,488.3558621862321
5991,518.4107851086301
5992,529.4182382119179
5993,553.4232111389865
5994,339.7014783808845
5995,291.2758706276654
5996,298.47278072166955
5997,294.24422063466045
5998,331.5405696298694
5999,351.83975371829
6000,-467.4813194938761
6001,-427.2724247481674
6002,-388.7182313000085
6003,-357.8862067501468
6004,-244.11578515346628
6005,-218.60499016099493
6006,-196.53480469930219
6007,-215.39934621198336
6008,-200.45153303915868
6009,-131.77635390209616
6010,4.011164587573148
6011,164.40776494969032
6012,341.51325464146794
6013,462.2903341848869
6014,531.1549156325054
6015,588.8481193131884
6016,621.2057258895948
6017,645.8070450970845
6018,653.52334027912
6019,660.7726812316105
6020,642.311601084366
6021,636.4210146369296
6022,649.8985176975839
6023,629.926401171746
6024,-3.8322573622863274
6025,14.531908722157823
6026,-22.213538708747365
6027,15.501633702253457
6028,157.1036720033153
6029,166.501620034629
6030,136.74973345536273
6031,161.12068470171653
6032,181.2864754225593
6033,265.442057442473
6034,385.8668211007316
6035,537.4672249410651
6036,600.1388069364766
6037,673.863384682074
6038,713.1518825324893
6039,769.0966599718085
6040,791.7205072104698
6041,826.8580259909213
6042,846.3728430849733
6043,831.3169915420585
6044,818.5958946640021
6045,829.3211209365691
6046,840.9790378267062
6047,864.7929459576262
6048,230.95230197397177
6049,254.14142723145778
6050,284.7040079209546
6051,307.2071582186036
6052,342.6682292530022
6053,373.4675237312622
6054,395.1091773667431
6055,410.9018599052506
6056,434.9500190659601
6057,475.89250950567657
6058,526.8121834139747
6059,584.569083225535
6060,636.9396833893261
6061,679.7222186559229
6062,366.9606963401893
6063,449.5591048291535
6064,236.3568351244321
6065,171.1438607715245
6066,62.09979077021126
6067,293.09017899326864
6068,331.7946665469499
6069,324.04525233915774
6070,353.49783109140117
6071,362.2638667561696
6072,-284.7602406173828
6073,-268.61565992448595
6074,-152.37294290898717
6075,-196.53499856806593
6076,-7.378691712627187
6077,1.3339606977824587
6078,-6.734077397471992
6079,48.541633300686954
6080,55.11910850688582
6081,87.45175749366172
6082,122.76433670474216
6083,173.61360821843846
6084,187.34115283706342
6085,220.87434462131932
6086,262.35061032304657
6087,311.64641419867985
6088,350.2228230620967
6089,361.3047794633021
6090,346.21732639495167
6091,338.97581292074756
6092,305.2973549589806
6093,348.6596274054027
6094,388.1102205263742
6095,456.0959038193396
6096,-174.3741617508931
6097,-152.02820594926015
6098,-132.18009754575905
6099,-90.78228531766217
6100,-77.52213435573503
6101,-38.734603440971114
6102,-24.73371506948024
6103,-2.7893508423585445
6104,2.5933210667280946
6105,55.86212164507015
6106,103.76511123863747
6107,130.7688007459219
6108,165.38941547711147
6109,210.3469909823616
6110,243.67106917555793
6111,283.2530080236902
6112,332.4462065190892
6113,383.6394472265092
6114,393.71131247698213
6115,377.1237255728629
6116,349.1540127893677
6117,358.90090140121174
6118,341.3975951830216
6119,365.4423779025092
6120,-286.1081265833636
6121,-269.3108428908454
6122,-245.79964535168256
6123,-198.73720647831215
6124,-139.65407676502946
6125,-105.151753112179
6126,-60.41812118247617
6127,-39.860513460385846
6128,-5.718497458117781
6129,1.7915519445959944
6130,18.099330435681622
6131,104.43379536812427
6132,137.0468905135349
6133,196.5364163784252
6134,247.76893539557932
6135,321.1801148291561
6136,360.2607332347252
6137,392.21867711807135
6138,411.5520763999375
6139,413.030733231717
6140,405.20876874640817
6141,400.4469887931773
6142,414.1612056425947
6143,437.69780207256554
6144,-218.65647444414208
6145,-197.36748913361225
6146,-168.241622682428
6147,-150.91843709928798
6148,-162.9683139915287
6149,-158.38049989397405
6150,-164.18572784838034
6151,-109.83519203600008
6152,-113.578922878718
6153,-64.28506876114989
6154,-24.829242498468375
6155,13.342584789235843
6156,57.022331082232995
6157,121.47594162166934
6158,184.6016033560445
6159,358.0283017467882
6160,320.90593388825073
6161,352.7724058124877
6162,361.0307949940907
6163,376.45642040250823
6164,370.937206096889
6165,382.3075602615136
6166,363.82645451647113
6167,420.2466619448678
6168,-286.77732104918687
6169,-272.771079556871
6170,-251.0024990385864
6171,-219.26480991306016
6172,-226.10364294273313
6173,-182.3055071887502
6174,-169.73912136474974
6175,-211.20168471924262
6176,-244.35919995693257
6177,-123.42992251337273
6178,60.85721551734605
6179,163.64422507272684
6180,248.45150274439948
6181,318.5919563223433
6182,424.8657635792042
6183,474.3859006698476
6184,537.2761050103
6185,566.8640356337419
6186,557.4934286138159
6187,555.7695105198363
6188,546.1862605265342
6189,579.2618493310583
6190,552.3671373196994
6191,583.465624743345
6192,-5.002073743002256
6193,-42.38525307356031
6194,-80.02031501970487
6195,-33.82681016527931
6196,90.92048864273238
6197,146.4021094578784
6198,157.24393231444992
6199,154.34753359633032
6200,146.02041606945568
6201,185.34441838765633
6202,277.2321363966039
6203,355.07742054460687
6204,397.3324946942157
6205,456.8761140362767
6206,521.927917013847
6207,588.6770263109647
6208,618.1196347005898
6209,611.4375646701665
6210,597.1094922279881
6211,614.7353389186901
6212,611.3332400482614
6213,614.2528232711484
6214,578.1117149163329
6215,561.4382887463144
6216,-138.52939843034255
6217,-139.51495648929267
6218,-128.0425391732715
6219,-36.18414384734933
6220,-30.653365628735628
6221,-47.4607922785508
6222,-2.395315406494774
6223,68.62440352945123
6224,69.94605581619544
6225,147.4979328729969
6226,211.5687548413989
6227,260.00259029268636
6228,293.1032860723499
6229,329.7458603277628
6230,397.7066810701799
6231,448.16419692445197
6232,489.993146162451
6233,534.4875702911231
6234,539.515608610498
6235,524.7210106572893
6236,541.1521035350452
6237,542.3903860556602
6238,554.9072938037862
6239,543.5314996450034
6240,-80.37768390588462
6241,-90.45142217935063
6242,-83.29808734927792
6243,-68.61058197022066
6244,-119.51926989672938
6245,-124.14073180605192
6246,-98.44492974760942
6247,-110.18278828149778
6248,-117.48664950806415
6249,36.45070034178207
6250,166.33982558408752
6251,349.10459927126067
6252,395.6354496970016
6253,442.7989745248051
6254,441.87604628605186
6255,399.63816281958134
6256,200.10880780170555
6257,145.64226767106447
6258,95.93626509627211
6259,238.15188100500382
6260,288.8381793193985
6261,255.8679802577244
6262,421.08767895257915
6263,468.6489524040371
6264,-179.25454032010748
6265,-121.95242630559369
6266,-82.21032352885231
6267,-112.77957386817434
6268,-76.16675249216496
6269,-78.20675146553549
6270,-21.979817338346038
6271,-36.82542733167065
6272,-11.951901700376766
6273,74.35213312524138
6274,271.0954446112155
6275,455.9928987728199
6276,567.4171882503433
6277,579.8834486741689
6278,636.2978898761794
6279,684.3662649637845
6280,704.823767026799
6281,718.1722524341894
6282,724.7033358113549
6283,740.9911854014208
6284,763.4749740090047
6285,723.4387911464146
6286,667.7819623632822
6287,638.5639679285523
6288,236.98026328365086
6289,211.42911491030827
6290,219.34985063193017
6291,224.2035128691059
6292,240.88120680046268
6293,254.01123868854484
6294,303.20117147648125
6295,321.62448034697445
6296,318.6631436626485
6297,343.42886528672534
6298,396.2989122677827
6299,444.5975276326644
6300,475.01715110518853
6301,506.31813310159487
6302,508.0452679147711
6303,594.0764953334874
6304,658.2137957985396
6305,734.4304808763845
6306,803.2225772142992
6307,753.7792221719283
6308,711.9494940773875
6309,662.1144864355738
6310,636.2416715235158
6311,618.2463356642111
6312,-22.901766948547447
6313,16.061678104568273
6314,20.8404267517908
6315,57.031597932538716
6316,87.35204720142065
6317,112.52494231282617
6318,91.34140184681746
6319,73.08755794426543
6320,101.57906776620075
6321,248.26251552646863
6322,369.62751523204497
6323,425.7187386705773
6324,481.3816497977241
6325,535.4910997859552
6326,592.9073561176774
6327,639.7237893144484
6328,680.7190348684089
6329,696.6284724824363
6330,700.8873533812293
6331,683.3949231669831
6332,675.925004463119
6333,685.3726308775658
6334,701.8534098539967
6335,754.1802280579577
6336,-195.1581007973291
6337,-206.41507589965477
6338,-189.57923983660294
6339,-314.0234604776779
6340,-101.85151120222872
6341,-37.82838866842212
6342,-80.02371460976428
6343,-90.09671871029423
6344,-73.48972619671258
6345,-14.67691683769226
6346,144.07561695942422
6347,316.1273551694758
6348,301.43145483892295
6349,392.4146447016974
6350,557.5784229685669
6351,556.470513714361
6352,706.1502250091289
6353,670.213475431432
6354,690.6954661787604
6355,664.8719209054543
6356,627.7433170569711
6357,621.5519395077717
6358,614.8208659436204
6359,650.01586925835
6360,-47.45677944709314
6361,-61.31018096129992
6362,-31.674579144018935
6363,0.982800417667022
6364,3.9612862801295705
6365,-22.26538227382116
6366,-3.0674194054154214
6367,-36.457321685011266
6368,74.66200088098412
6369,209.04660658401554
6370,270.68440927099437
6371,390.1598340662895
6372,494.46507689522696
6373,577.024253843294
6374,643.6128254120122
6375,712.9707953975012
6376,780.0498147863254
6377,821.8782754352724
6378,850.1437545346853
6379,872.4206476028485
6380,839.9160397789965
6381,862.9036600413674
6382,866.4064224181056
6383,834.6501422839356
6384,136.39582317322493
6385,159.65039722359506
6386,164.5520375398337
6387,225.16440057131695
6388,247.7314917180047
6389,302.68178298833664
6390,306.218896372593
6391,307.02525519457413
6392,260.86484556333744
6393,335.36549301003106
6394,421.01737646068796
6395,519.7716486960999
6396,564.5552438800514
6397,586.621579777624
6398,638.5549038884346
6399,715.4336065471871
6400,789.0126383013267
6401,862.8247951476369
6402,896.8379144917708
6403,842.2095023302536
6404,751.0998755932669
6405,697.1606494978478
6406,724.9951894521655
6407,696.640420265554
6408,5.472001577087212
6409,-1.1907045504194684
6410,-24.489732494810596
6411,-12.266127730952576
6412,-19.609726664202753
6413,-45.405864859116264
6414,-14.742334382171975
6415,47.631455756607465
6416,119.57327201330918
6417,240.4524290933623
6418,355.3991714078293
6419,480.7131219372677
6420,573.1164577994496
6421,631.7487467635656
6422,720.2514793277369
6423,796.7105944307696
6424,842.5416897104005
6425,907.9200379730901
6426,958.0275864432042
6427,954.0076846797892
6428,930.5869817101338
6429,906.8148344459187
6430,889.2699322237459
6431,921.4811487676052
6432,274.7264213176095
6433,250.79060406362987
6434,263.5422617717122
6435,277.1473418728274
6436,283.2940864128177
6437,262.5856224417803
6438,292.6031462798419
6439,372.5778874682437
6440,389.6772306954663
6441,425.5646326459537
6442,493.3566708002181
6443,581.4790052067547
6444,660.3393862514349
6445,697.4567641945032
6446,738.8335988231411
6447,719.1288102864928
6448,714.2856349785288
6449,725.6137230038003
6450,710.7014383031346
6451,878.8054418874381
6452,902.44655651215
6453,905.5738065573096
6454,904.9790519763774
6455,898.1008984766377
6456,251.58978187764296
6457,268.1034272960678
6458,294.59317822463345
6459,319.3859071211482
6460,343.8274246441433
6461,338.0920482976944
6462,358.08399536600336
6463,414.6118907010532
6464,459.86184078341466
6465,512.5918113836087
6466,554.1536532661412
6467,616.8465479997976
6468,674.7732744628447
6469,634.9320250269957
6470,403.684042596753
6471,130.76425785190077
6472,309.16156658303225
6473,325.59999261813937
6474,-61.766216063464526
6475,275.92256202735007
6476,309.75177354511106
6477,-41.678743851254694
6478,350.7117341552803
6479,346.6958035660791
6480,273.5287708050746
6481,295.901802028995
6482,321.4998955706833
6483,339.0691547637689
6484,375.76978967606556
6485,397.0993728986941
6486,409.6999822752841
6487,429.24538008714444
6488,461.33283194256364
6489,505.12262996987556
6490,540.0184104602085
6491,568.699415869778
6492,511.2522975349566
6493,435.42219239656697
6494,127.08812538578059
6495,226.54230160149746
6496,356.6387981635635
6497,410.33817167478264
6498,441.9984371884202
6499,429.2976642458234
6500,379.82232220988953
6501,304.21855253804824
6502,419.6720073031902
6503,467.63873254309874
6504,-177.73436936212238
6505,-140.75706519093364
6506,-124.6138705163321
6507,-122.46905398290255
6508,-87.69280278595397
6509,-87.97348007999244
6510,-69.72424215779756
6511,-4.562827488727635
6512,76.90737300697947
6513,198.32911530474667
6514,350.9036198273825
6515,470.122168248723
6516,572.8775240216055
6517,662.1859847189626
6518,743.0124000219803
6519,780.2921451633447
6520,843.5547424229153
6521,877.5855586810212
6522,863.9633627587755
6523,809.2052104021714
6524,795.8368759158766
6525,749.3518730796059
6526,730.2057496409107
6527,695.8134403063159
6528,4.819084850489162
6529,-10.518026946054306
6530,-48.69596233480843
6531,-47.98648275679443
6532,-7.325045193807455
6533,38.9201224388089
6534,56.66445838770596
6535,109.49643172346987
6536,141.31548017277964
6537,209.15230330941267
6538,282.98467815088225
6539,437.9489200695243
6540,583.0764302893076
6541,650.2142231835751
6542,755.3472534664907
6543,819.8937743705465
6544,905.5658210417605
6545,982.9401078664232
6546,1004.0941210534656
6547,935.6606406852952
6548,914.1311131427065
6549,809.105299135932
6550,789.0928835523955
6551,978.0325079711038
6552,294.6600297120749
6553,280.1317592369742
6554,329.52682452937006
6555,339.6485491084459
6556,349.309938022343
6557,364.523511950596
6558,404.18331325481995
6559,396.1602096244751
6560,456.644687228516
6561,582.6881788972823
6562,630.5039088211488
6563,549.8048900753492
6564,562.2990636297618
6565,637.0318512391823
6566,649.1668828787224
6567,665.5974498007854
6568,698.6075719538494
6569,710.8308296001342
6570,629.4455543967779
6571,609.1735055919853
6572,596.0643396829255
6573,593.0980244514649
6574,599.6490075752372
6575,624.1261974924419
6576,-20.316432807419915
6577,28.86032365859137
6578,44.43618154202704
6579,41.895156866143225
6580,74.12496262276545
6581,79.5388726228266
6582,84.07857217724086
6583,138.73170662295888
6584,187.81788917726954
6585,270.95740792973083
6586,364.2578981370898
6587,492.4986135206709
6588,627.4070710187079
6589,749.9020416366984
6590,843.9084487784712
6591,924.2526059165248
6592,977.8327199519845
6593,1036.0741003913863
6594,1065.4670724329771
6595,967.7363307890482
6596,842.7375442832999
6597,795.3035892051994
6598,738.2582753310853
6599,703.321700507775
6600,12.227173776278505
6601,-24.39025358002982
6602,-118.13627890250064
6603,-95.81008477965952
6604,-64.48098155119806
6605,-57.29158808826469
6606,-27.037613986089127
6607,25.265617928438587
6608,126.96007255322183
6609,237.76849973603385
6610,371.9041503018525
6611,529.3582799902651
6612,641.6565034558007
6613,743.2688267794438
6614,875.8473989673657
6615,976.4129882521229
6616,1050.0514054555097
6617,1130.5709615148953
6618,1186.3961750808812
6619,1195.5193612120056
6620,1153.8040211411717
6621,1037.6375107120548
6622,1002.1799289271876
6623,958.0232418200176
6624,230.86621496576117
6625,229.8448923873657
6626,243.33148363453802
6627,255.42569875661866
6628,278.051042779407
6629,383.7916502400185
6630,386.7328784026322
6631,418.87996760572423
6632,495.3871188367484
6633,634.1649478580221
6634,739.1708495401544
6635,803.9953951127827
6636,840.2858782160329
6637,857.8562933352077
6638,962.394904343324
6639,1039.517774882348
6640,1043.0833265539259
6641,1059.7018216771248
6642,1041.0479809977114
6643,981.2624474437034
6644,929.4602622972743
6645,921.5435304179555
6646,911.2527879801346
6647,934.4287210902548
6648,248.26111210143426
6649,289.3702411924314
6650,311.01579871287686
6651,266.40314573267824
6652,308.462755575747
6653,288.62413930593175
6654,254.9864506558515
6655,302.1205425855587
6656,372.2555497851572
6657,532.0766911798564
6658,623.9901662828925
6659,723.3519282226916
6660,797.2681979517802
6661,869.6120345669042
6662,964.2803205675737
6663,1014.0818870596995
6664,1111.5971134137362
6665,1164.5544872274622
6666,1139.4819191663119
6667,1096.7646044984867
6668,1046.4195195087523
6669,976.9096151279518
6670,967.3723157732456
6671,974.3780226577655
6672,296.5328213427274
6673,274.4184381903033
6674,271.7034777366498
6675,314.90705776552204
6676,335.52942017820897
6677,342.5403083896381
6678,363.4259765143506
6679,408.83228876502835
6680,469.5864764638827
6681,515.1227682961326
6682,611.1710522272915
6683,721.2810922556964
6684,784.9260167310422
6685,890.9122631289356
6686,955.0579230198637
6687,1057.5690642383415
6688,1140.212407853105
6689,1151.515861390304
6690,1204.8049627942673
6691,1112.5521642735112
6692,1068.9001361595583
6693,1030.3512161611288
6694,976.704385395511
6695,938.7165552836668
6696,222.4909843133646
6697,251.14205361969653
6698,308.2942978031642
6699,365.8644003206864
6700,392.39197943822364
6701,491.50043164973613
6702,428.79991416912526
6703,457.695293574041
6704,578.5104844555317
6705,728.6054796121898
6706,856.5055673544703
6707,900.4348986241966
6708,921.6611305719125
6709,961.3576635214267
6710,1028.2686827866128
6711,1108.9472622302128
6712,1143.9409512961574
6713,1146.0396721640427
6714,1081.6780132610875
6715,1064.0377640476509
6716,1038.4642349174537
6717,941.8065105632704
6718,901.1254905532696
6719,898.4348233421042
6720,238.28925336475368
6721,268.90657402505167
6722,318.8632454845647
6723,326.75459104636684
6724,356.1053568160569
6725,361.36051592207514
6726,357.5062835048302
6727,406.44354401229066
6728,500.3122460314189
6729,614.411332215328
6730,686.0200392807601
6731,798.4666133828869
6732,904.2657223500428
6733,949.9939989537525
6734,1024.9900466661493
6735,1078.6120898397057
6736,1165.3723617137002
6737,1180.5700278590084
6738,1225.1792731740861
6739,1208.8431135895662
6740,1174.953454688104
6741,1158.9624777217687
6742,1139.5945402669022
6743,1054.6827576515207
6744,556.89569517583
6745,557.0493660351203
6746,539.8160830817942
6747,556.5335405173537
6748,518.835899573809
6749,487.6936161292542
6750,523.1114913220808
6751,532.261652469635
6752,682.2936671624484
6753,877.7787204794004
6754,944.5374191446754
6755,980.3767351977876
6756,989.2092647348472
6757,948.0884271048126
6758,1064.3483561899047
6759,1113.1547408438928
6760,1172.009461030946
6761,1220.7179602910765
6762,1265.5732058805297
6763,1359.732490765513
6764,1391.728524381324
6765,1396.8869188963436
6766,1394.7868988331174
6767,1387.4583140518516
6768,725.1388689436717
6769,734.2564435126551
6770,724.3871229544457
6771,803.8928342030558
6772,813.9932776022179
6773,819.5231421384669
6774,821.7113477729727
6775,854.1331960711686
6776,919.2720906842442
6777,935.4544990056602
6778,795.808134724386
6779,919.6261298041209
6780,1042.5048335461179
6781,1129.965732652985
6782,1218.6055935614277
6783,1181.707407424401
6784,1140.3054589087842
6785,995.0044221377175
6786,919.9016872922366
6787,1012.2755821012252
6788,777.9570756746689
6789,658.934586583433
6790,570.0828411303228
6791,570.411277340696
6792,-42.75591387381428
6793,158.04492020321777
6794,85.30826729856199
6795,98.40693170260056
6796,-48.36593127003289
6797,11.335808232746786
6798,-153.74412045706413
6799,-91.27656111001852
6800,-21.24817199842073
6801,-141.68629891835735
6802,53.31278985715471
6803,229.97394279550645
6804,17.169160214893054
6805,202.05587041538092
6806,158.00405453683925
6807,301.53691341140075
6808,377.82059890025994
6809,432.1905482611619
6810,428.77795567773865
6811,449.8419225945254
6812,504.4315433362208
6813,527.8383883323695
6814,691.9349050147284
6815,759.2256459626951
6816,117.15421255354886
6817,190.53824714350048
6818,212.5934513064567
6819,-23.499921888957033
6820,109.86570584308356
6821,169.65206352368114
6822,275.5211469437927
6823,332.7705291650782
6824,412.980474898417
6825,508.71854249649914
6826,591.3020636543515
6827,705.3785854750895
6828,789.9794773116882
6829,854.0351424601977
6830,919.173914976709
6831,976.4559074228746
6832,1007.6920973270899
6833,1032.6146502091724
6834,1111.609099974099
6835,1169.380130348989
6836,1108.8496444896446
6837,1118.6369829922915
6838,1138.7548873649503
6839,1135.736694910447
6840,381.62411726417486
6841,372.86177887173835
6842,353.22025706619024
6843,363.96300183879794
6844,311.2604049206129
6845,357.74397148846765
6846,449.83140890309005
6847,502.28530809789663
6848,644.6056481103005
6849,715.1189458587614
6850,784.7534863075998
6851,853.2308910627034
6852,888.9657121869677
6853,957.5886229433236
6854,1031.305169869418
6855,1114.679764996632
6856,1201.449412119342
6857,1295.74797162076
6858,1344.6419223450648
6859,1327.399717652239
6860,1370.4692078994703
6861,1326.5976550602063
6862,1334.9940743891057
6863,1261.8991369545693
6864,570.9129206732323
6865,520.2555444790924
6866,516.886711140105
6867,439.96425043730414
6868,406.8252245716285
6869,384.3188680553576
6870,415.96586371431476
6871,480.092122305854
6872,557.4816328220768
6873,666.2176652927592
6874,754.7069250562345
6875,868.0059742604208
6876,929.8137366909068
6877,995.0178894880228
6878,1053.043550108705
6879,1106.0719867017178
6880,1190.8371361458267
6881,1240.1832492692338
6882,1164.5145945484692
6883,1174.509310143505
6884,1159.2948326298501
6885,1078.5763712266635
6886,1084.224038855813
6887,1111.1401378076407
6888,448.5470286801865
6889,476.4213321386487
6890,479.81290141888894
6891,440.1703753788024
6892,437.83918617051677
6893,409.92671105236514
6894,473.3087551619101
6895,511.02783133878256
6896,585.2319478225254
6897,606.7261603833758
6898,702.7557897452498
6899,797.906680929329
6900,868.2049833351048
6901,951.5097211671236
6902,1052.768950433412
6903,1115.3392664664134
6904,1202.9461207537097
6905,1221.728225689556
6906,1229.7431356743036
6907,1218.4274871059752
6908,1298.767797245062
6909,1208.3807160429715
6910,1099.5934925305482
6911,1074.9888531444594
6912,371.1215697726002
6913,339.8550780132937
6914,316.8057209937251
6915,334.26809135833173
6916,340.10377129301196
6917,320.6373262432753
6918,302.59106988849817
6919,370.1684323878726
6920,512.5873452293454
6921,657.0024337037758
6922,770.6960959114367
6923,895.7329724251176
6924,924.1351303509728
6925,965.598103298049
6926,1025.0378136814106
6927,1073.7007583122759
6928,1139.6440646342817
6929,1202.4945446927159
6930,1260.7741148023633
6931,1276.3173272181302
6932,1287.750796425069
6933,1253.1933362477575
6934,1208.9166889661283
6935,1165.7680491005303
6936,488.21290949897957
6937,466.2257248639362
6938,488.91917240442126
6939,466.19345691541093
6940,457.20585583895445
6941,468.9099744359264
6942,472.18289389435085
6943,548.5152427201392
6944,661.6128997135093
6945,776.2151027527871
6946,848.1291737556166
6947,910.5762450397888
6948,958.8272917343711
6949,973.6923247002414
6950,1042.6569374070968
6951,1118.7262254738598
6952,1179.998346338747
6953,1258.8923792273563
6954,1304.4930026398506
6955,1303.417888913158
6956,1286.813454211282
6957,1266.0558268441528
6958,1295.6641788650595
6959,1244.1501342662086
6960,557.2025672385353
6961,529.2742863809399
6962,524.6233068567235
6963,564.0747774310876
6964,637.7648069288116
6965,618.4785436620296
6966,637.1560132624872
6967,540.0475978564355
6968,600.8120511587767
6969,706.9875140142103
6970,808.1638420726813
6971,868.1563927332463
6972,914.963136560109
6973,979.7432152610854
6974,1028.0744520159205
6975,1092.430694238894
6976,1196.1801735617046
6977,1226.1597066725662
6978,1265.7455337958236
6979,1199.5352884265012
6980,1172.2769045256136
6981,1120.514781355334
6982,1078.691718759219
6983,1068.2131142232683
6984,746.0163553789316
6985,743.3855899612536
6986,1264.6303050396673
6987,1276.0498316094454
6988,1274.7057092298637
6989,1326.0642938382807
6990,1366.54651175646
6991,1334.6863629191066
6992,843.8023335272155
6993,882.0664574945695
6994,901.8772936363239
6995,929.8349249445891
6996,959.4471904836537
6997,1003.0195017650549
6998,1080.1627359396662
6999,1178.9858334372984
7000,1270.578034079983
7001,1297.1598088674073
7002,1309.9392873742618
7003,1228.8871647904161
7004,1229.3286946879525
7005,1182.5466640875966
7006,1164.154250231455
7007,1132.6401438954344
7008,348.0651147066674
7009,378.37155027105473
7010,369.4421654474281
7011,1544.2691349797533
7012,1575.5885227372055
7013,1610.0799456021632
7014,1626.3262472277856
7015,549.864119873906
7016,633.5085214123537
7017,695.8316724204924
7018,802.981171250518
7019,826.1140912377741
7020,915.1824843904469
7021,1006.7542296112515
7022,1035.6770995848055
7023,902.2106063812389
7024,751.1838613029395
7025,711.7771938064543
7026,583.4219210487208
7027,622.7193656479649
7028,782.3428130544489
7029,803.4343052054464
7030,797.8391271635774
7031,625.9160864839214
7032,37.35711897324654
7033,76.89273056137608
7034,89.62597085052403
7035,236.15517558256397
7036,294.9043018189259
7037,426.5775507426006
7038,478.02115089222207
7039,521.7997305411845
7040,566.7593578264932
7041,654.2732882642013
7042,723.8941628893081
7043,836.8531148020411
7044,898.6376917084563
7045,956.7564580405888
7046,1024.625072675146
7047,1112.4839666167682
7048,1197.2807477504539
7049,1240.93473105898
7050,1313.1895818157645
7051,1243.477071079542
7052,1161.1075831839698
7053,1144.6251211926574
7054,1163.7533672293357
7055,1226.700947793055
7056,575.0686769938911
7057,478.14906083382084
7058,561.6984636929992
7059,491.9056559995224
7060,517.2484034943336
7061,529.2027712207055
7062,525.1682652995223
7063,614.3567122164241
7064,751.072707542713
7065,891.2779371553625
7066,942.7302141147375
7067,970.4101633087848
7068,995.4321097718494
7069,1043.9148257643974
7070,1079.7309102118597
7071,1132.1709602096817
7072,1213.50185886689
7073,1283.9724411722855
7074,1343.0948588525644
7075,1358.9312657416158
7076,1374.1587076933356
7077,1350.2650542062474
7078,1328.64885547437
7079,1315.4125336454308
7080,643.9192778011493
7081,608.9366726704466
7082,525.9973527101974
7083,519.3939129819337
7084,524.5973373567394
7085,500.04129087767797
7086,517.1788249379606
7087,610.6626991432568
7088,736.1849117144302
7089,868.3500412412977
7090,971.7140872702876
7091,1009.5543707600737
7092,1054.353795595147
7093,1108.2612476844224
7094,1185.0888191423146
7095,1262.3858489749546
7096,1318.5931890532374
7097,1367.47811423635
7098,1393.1941885165288
7099,1396.3896843715047
7100,1386.4787440029613
7101,1341.0262597911933
7102,1317.6207787310414
7103,1303.7159783575626
7104,610.7024441783142
7105,575.3234956179513
7106,560.1649811980897
7107,542.0280055140029
7108,511.86045172516606
7109,528.1065805823018
7110,556.5737283089256
7111,643.5869314371375
7112,796.1811728157627
7113,911.1735558150103
7114,981.2676779931062
7115,1038.3072449758474
7116,1089.4155651395267
7117,1166.0760727170855
7118,1220.2871535312734
7119,1307.97972889003
7120,1382.9341914964316
7121,1436.4100712201034
7122,1480.613078249473
7123,1466.1849318556197
7124,1423.0177853464265
7125,1359.0955758058408
7126,1354.2326540992362
7127,1335.9472211967513
7128,661.8651145338663
7129,708.1669217287563
7130,706.319846441067
7131,710.3245482026541
7132,752.3476358123298
7133,1705.2943383123784
7134,763.3776502491964
7135,1703.1166647633363
7136,880.6362487118167
7137,772.5277221559663
7138,894.8081595875847
7139,957.4958797750005
7140,1132.3349352151563
7141,1151.0474624609342
7142,1206.5970833979954
7143,1243.0918360523065
7144,1310.6009234598314
7145,1211.3050287274236
7146,1397.6415899854328
7147,1424.6330507215462
7148,1421.3073591448774
7149,1389.8935689754435
7150,1357.7718072863063
7151,1348.5564656093193
7152,656.6325048383151
7153,626.4410504744155
7154,658.9486109660065
7155,721.6851345161558
7156,1651.3281504887855
7157,1703.315330398298
7158,1713.7843664855172
7159,1701.9451850700425
7160,866.9618366963987
7161,924.2313635837054
7162,944.4309842553921
7163,1013.6351477283752
7164,1059.6791040030366
7165,1144.765282420849
7166,1232.5671779261029
7167,1298.3661210656574
7168,1314.0689424652955
7169,1361.7785610188148
7170,1456.215237272787
7171,1470.9346363242366
7172,1457.306686720316
7173,1445.4464371235808
7174,1410.0486004960258
7175,1441.5604839420703
7176,461.6829721860995
7177,459.74240220559295
7178,477.4639505490195
7179,805.2481449723418
7180,815.4631007196149
7181,788.6088662131806
7182,811.1974244226003
7183,838.7761105452082
7184,859.3456551494019
7185,869.4824834657484
7186,884.6499664209259
7187,931.6218275911815
7188,990.0136071255256
7189,1059.028702692798
7190,1089.3353332951374
7191,1176.6224182138103
7192,1157.1619945073035
7193,1176.598064197111
7194,1218.444007467362
7195,1211.344417618966
7196,955.4960575347359
7197,957.6127702657541
7198,1072.381330072967
7199,1042.8469256277313
7200,438.1833169205347
7201,445.250752963213
7202,480.268344218086
7203,466.7166031492525
7204,514.5967566915497
7205,542.3736585975275
7206,576.5871885120869
7207,593.3316005903762
7208,646.2473860149621
7209,716.1550951212703
7210,786.1190436467296
7211,802.832471040776
7212,929.0864740212273
7213,959.2335912192648
7214,987.2416229525406
7215,1099.6251930076978
7216,1185.6389743190666
7217,1279.5227243750705
7218,1349.8397262876097
7219,1315.153158715635
7220,1212.4053436675167
7221,1162.53302877635
7222,1082.494729494094
7223,1035.9215493618394
7224,348.4168393779546
7225,364.7674864298024
7226,355.40525908992277
7227,381.8179897138034
7228,385.0796264774108
7229,440.7142804134346
7230,455.1652137741912
7231,573.2705191183777
7232,663.124913056934
7233,746.8293982853938
7234,819.5037324762379
7235,858.4042241176066
7236,972.9547358312993
7237,1009.936875683663
7238,1134.026024303108
7239,1232.6010705584195
7240,1317.6224846825062
7241,1383.8077736454725
7242,1487.469229753071
7243,992.8979161677125
7244,1400.8599413013435
7245,1368.9106358775753
7246,1382.0697661188606
7247,1367.767093805538
7248,512.2774686575576
7249,541.7773495188449
7250,570.5076302543748
7251,589.7617379905423
7252,554.9331576439436
7253,640.1905604113708
7254,683.6471447711228
7255,768.3892323583423
7256,842.0313019779569
7257,905.6249486619781
7258,916.849947215931
7259,948.7209477220022
7260,1055.0895250730973
7261,1184.6724222346093
7262,1231.6463197535486
7263,1284.5725869745365
7264,1340.3682598679443
7265,1419.8789380659582
7266,1494.4735587115574
7267,1563.8517935268173
7268,1503.2451972753333
7269,1420.9016327483114
7270,1379.1817113377037
7271,1453.0851254374138
7272,687.2572964069841
7273,614.6928877513565
7274,578.1755520020088
7275,540.7199856837397
7276,547.0161011244054
7277,568.4379889820702
7278,594.4133959747851
7279,779.8125439963187
7280,895.4776626239473
7281,1013.2073644205811
7282,1121.5632472897705
7283,1158.7577130517457
7284,1235.8751948682475
7285,1290.1817412735836
7286,1350.114102439169
7287,1441.1997976371786
7288,1487.9907477771048
7289,1533.7066020413477
7290,1597.8803707258194
7291,1625.3818338674319
7292,1638.9894260304281
7293,1626.003183607303
7294,1622.7930379448517
7295,1629.003331959946
7296,978.2380317451316
7297,984.5433924028475
7298,1019.6871958719566
7299,999.1935449409648
7300,989.2345681711449
7301,995.8613432373677
7302,1022.2944447426707
7303,1064.230413191719
7304,1105.8459113992867
7305,1147.1619071689784
7306,1197.7771532625775
7307,1190.9853071808175
7308,1232.3313157158555
7309,1301.8551340921258
7310,1222.0654644532187
7311,1297.398786664795
7312,1314.8924820531684
7313,1403.0723739517853
7314,1427.9627340515726
7315,1425.8453862210154
7316,1388.736863010883
7317,1370.3610795818968
7318,1316.0042297696054
7319,1298.9048982162494
7320,585.959528624051
7321,574.2046661830682
7322,544.8136143231823
7323,511.1152897066204
7324,546.1560319324781
7325,602.096788332623
7326,634.850809082127
7327,701.7619635766605
7328,762.482805956417
7329,846.9107863426616
7330,935.885940457345
7331,1048.7087307992333
7332,1177.195492077648
7333,1285.9556905333593
7334,1349.373432076216
7335,1423.5425941422582
7336,1480.09412449933
7337,1546.7338208570436
7338,1607.4831787564617
7339,1618.0177892694192
7340,1574.158260934637
7341,1372.2627107429435
7342,1361.3050538740936
7343,1349.308037139388
7344,634.1860657384386
7345,641.4892145033809
7346,661.8180035908008
7347,647.1916608392785
7348,680.3898296076804
7349,672.5938775474497
7350,722.7180566294701
7351,817.0168920537108
7352,945.2301557565515
7353,1019.8748354561685
7354,1133.0209624696581
7355,1210.0246872733114
7356,1227.460856290214
7357,1314.6592502999993
7358,1394.63448546789
7359,1485.6816769079305
7360,1535.193003051536
7361,1563.760474646726
7362,1612.2216479628405
7363,1641.4314048644737
7364,1601.6236643781594
7365,1600.6475388045656
7366,1608.3377508465783
7367,1631.6506332749268
7368,936.09395082228
7369,1042.2700143913098
7370,1039.8410322567506
7371,1050.5715987993754
7372,1068.7424318125995
7373,938.7018513068324
7374,731.7133422410698
7375,623.2507232504722
7376,473.33213940268615
7377,335.9355451828451
7378,218.4181157751882
7379,-21.565933421778027
7380,481.4870011207531
7381,102.65409985469887
7382,641.0308404706011
7383,603.0854628648958
7384,895.2085140005511
7385,927.9124750115152
7386,998.8071031031723
7387,1021.0247768789995
7388,1089.0965003845631
7389,1055.0211269100837
7390,1095.4737912347773
7391,1171.7884223269648
7392,431.2378112304432
7393,398.56966121547157
7394,387.1858665746695
7395,429.83011085836915
7396,411.5118083464331
7397,462.94763020414393
7398,492.49238394363783
7399,501.6978522980644
7400,542.9139639096393
7401,580.3322961252707
7402,681.1293854129617
7403,799.4600848755217
7404,884.5082756899064
7405,974.3477759743109
7406,1038.5388726474193
7407,1105.9375988685933
7408,1164.7936463893566
7409,1240.4258979073784
7410,1271.1455543835473
7411,1315.4374256491137
7412,1313.7483362690255
7413,1328.8045180998743
7414,1286.090640240378
7415,1235.5953065778303
7416,562.361919344723
7417,585.7888438671071
7418,624.5090212625219
7419,632.1341630348179
7420,633.8512541416276
7421,599.4498842345492
7422,646.1835965626233
7423,768.7636590975453
7424,889.2397496149351
7425,947.4082292741223
7426,1026.8220149698027
7427,1107.437709864491
7428,1119.3780629871471
7429,1166.043011876347
7430,1177.7767251698824
7431,1147.247217860422
7432,1125.1744578482467
7433,735.4166163202608
7434,-62.03007777832681
7435,921.3438412960968
7436,967.7358314330631
7437,1027.1250915534329
7438,1062.1868641647743
7439,1058.007627345447
7440,443.6165894084552
7441,445.6055714400718
7442,480.27366696554236
7443,520.0661155716516
7444,537.2552085498464
7445,487.8612375033845
7446,378.6897089591366
7447,607.8964014672383
7448,652.1070375894196
7449,754.4361839624762
7450,855.8860600671906
7451,931.2152649235795
7452,998.7698526717431
7453,1044.2253462811932
7454,1144.539228744019
7455,1166.5661366335116
7456,1272.5805867016898
7457,1361.2062572348223
7458,1394.9448143655318
7459,1422.2067312187282
7460,1387.9006730684487
7461,1346.5973582144943
7462,1290.9918357713032
7463,1265.5221662512922
7464,595.4519894638506
7465,584.860164785292
7466,575.6805308322364
7467,592.2599888032128
7468,553.9429483015847
7469,639.2817260084266
7470,704.5601986102411
7471,735.9738799110055
7472,814.6584742976702
7473,858.1559301535308
7474,981.1599415773817
7475,1006.1019114972441
7476,597.1816895820957
7477,798.7432042018918
7478,1097.458695089037
7479,1209.14385900888
7480,1286.867346952553
7481,1270.4527829188737
7482,1222.1848275885277
7483,877.4752825923788
7484,1158.4728298766422
7485,1228.5258979808423
7486,1191.624583862722
7487,1157.7320352451934
7488,878.4265091510024
7489,879.6635986392212
7490,897.5417232033215
7491,893.3754280888825
7492,878.7169533419947
7493,873.6945737882634
7494,913.370437374193
7495,969.5670767455595
7496,1071.2261315335636
7497,1149.4815618336725
7498,1218.2886841411819
7499,1300.7266580258147
7500,1375.477971806482
7501,1431.0145871198329
7502,1490.3460085458937
7503,1577.6943843433692
7504,1654.4893639078655
7505,1714.8806331731612
7506,1741.2787017986702
7507,1733.3334496145253
7508,1730.19430993087
7509,1717.6844594251888
7510,1711.0978961490619
7511,1713.7095716279
7512,1030.8005062267184
7513,1009.7662220573111
7514,995.6513274324534
7515,1003.1208953440364
7516,952.1670830769872
7517,957.7323483728978
7518,971.7133119520149
7519,1035.021729394386
7520,1121.5862847935932
7521,1218.6765646950516
7522,1269.6457388597191
7523,1345.439334478695
7524,1419.6858259749424
7525,1479.8346277328965
7526,1549.5940567828948
7527,1647.7255269126035
7528,1681.0596774354635
7529,1756.1399593370152
7530,1837.9375414313981
7531,1805.828492165194
7532,1803.3891503525374
7533,1805.9568491996906
7534,1806.2955714637064
7535,1810.059304248396
7536,1163.0365246836736
7537,1155.64885195042
7538,1164.0810788440867
7539,1220.9034900943807
7540,1215.265366653446
7541,1232.0312228437979
7542,1233.3114909910073
7543,1235.9407846915128
7544,1273.0373678545875
7545,1286.488816771889
7546,1314.1605344600684
7547,1316.0049317933153
7548,1353.8816104440775
7549,1499.9033722085005
7550,1552.0632629439933
7551,1529.2279482655867
7552,1642.7288840544643
7553,1663.1590616417816
7554,1679.3237214160326
7555,1680.005549509282
7556,1674.465108698554
7557,1695.0950401791197
7558,1706.1329789123556
7559,1738.79597809416
7560,1049.9060529662238
7561,1039.3595291629608
7562,1034.1343235010863
7563,1050.0110870904755
7564,1049.6629335632024
7565,1040.171408706694
7566,1051.5401065773622
7567,1141.8970781136886
7568,1196.961534365022
7569,1219.3521879192267
7570,1325.819576442329
7571,1385.7299841641507
7572,1442.8648722362414
7573,1478.4807132132992
7574,1499.2723931856744
7575,1612.63728336856
7576,1661.8752223345218
7577,1671.167466340965
7578,1698.256867962773
7579,1690.6732957889326
7580,1641.539310578839
7581,1632.6120728595415
7582,1645.8045757944637
7583,1659.81432247645
7584,1000.065260006988
7585,1015.140834470687
7586,1029.7623430468375
7587,1060.9701514691697
7588,1024.568949371227
7589,1040.8131936740538
7590,1040.5653367317573
7591,1097.18026727924
7592,1134.2107440296386
7593,1170.3755037848605
7594,1233.5997872813896
7595,1281.8443304500834
7596,1351.3529004568118
7597,1382.2996798236854
7598,1441.2711428026669
7599,1540.1381645824295
7600,1497.576718643948
7601,1584.3506062920496
7602,1625.7777956930804
7603,1640.2142869561794
7604,1598.783601210569
7605,1533.1607061309332
7606,1517.1914231840638
7607,1502.3604706307524
7608,832.4753452480945
7609,844.0899728779332
7610,874.4998287043418
7611,925.16604726878
7612,969.9025057170948
7613,958.5083065959043
7614,991.9363075220608
7615,1041.6635985583125
7616,1091.4792647451104
7617,1137.8076475463458
7618,1207.6414922308468
7619,1233.5647684040305
7620,1300.7964125792496
7621,1398.843916077778
7622,1457.2090987885604
7623,1513.5290734667506
7624,1507.6385837045382
7625,1549.24935097876
7626,1582.8167711606366
7627,1610.1313228368526
7628,1584.1984608444327
7629,1542.747606812889
7630,1503.55869116963
7631,1503.900789874926
7632,831.9483635100769
7633,867.0669966776913
7634,878.9017823585018
7635,889.9050622205832
7636,853.9486889029504
7637,861.4692203552986
7638,892.0890555001388
7639,968.6329141795577
7640,1031.27615795983
7641,1122.6299426747137
7642,1212.1388639417419
7643,1242.8226352919592
7644,1328.3130265615473
7645,1405.3359623412252
7646,1494.039779155457
7647,1501.1772664558666
7648,1565.9354675812647
7649,1567.3434241468785
7650,1600.989224062534
7651,1575.8893242480117
7652,1547.604397123505
7653,1533.7148512632411
7654,1564.3024747993331
7655,1561.0786654420372
7656,891.1333518679603
7657,890.2372434118297
7658,902.7266089310287
7659,907.2935505662754
7660,911.6298811377492
7661,911.2879177195719
7662,925.8990068613202
7663,983.8315011537925
7664,1065.338395545783
7665,1118.1788998913544
7666,1244.7605978724605
7667,1308.8504123422608
7668,1369.9977486727003
7669,1448.9574890907388
7670,1382.4659256787563
7671,894.0514782104874
7672,1274.9820533898892
7673,1265.2370149060444
7674,1323.2608699398697
7675,1387.480362266302
7676,1393.1332509595377
7677,1468.0743190511712
7678,1532.6645098325098
7679,1551.279101581138
7680,935.5103522803984
7681,937.711729101633
7682,937.8535286951519
7683,958.6728060627065
7684,963.66196066665
7685,968.3404019683658
7686,978.255934429646
7687,1065.7541390999977
7688,1129.5388319196645
7689,1232.9297407618142
7690,1296.7494179465575
7691,1346.3226918487926
7692,1441.9615183327696
7693,1488.3468617826875
7694,1512.9944906611345
7695,1628.9916332670837
7696,1664.2481183357886
7697,1707.5674916795397
7698,1783.2720411284536
7699,1816.2076337442268
7700,1784.582271813968
7701,1788.1842104075185
7702,1808.6512624841998
7703,1817.9050158066384
7704,1119.806850054796
7705,1096.8370251788
7706,1088.3867571990995
7707,1084.2049995385169
7708,1064.4602369802597
7709,1078.7638359434204
7710,1089.6651706421108
7711,1149.9300737229933
7712,1190.5274338288
7713,1233.2701389129506
7714,1274.4092666032375
7715,1375.1164280481462
7716,1431.3427791708964
7717,1501.2036206258636
7718,1561.235609152267
7719,1623.5612367045833
7720,1674.9832671691838
7721,1716.5327555734548
7722,1796.3329524273577
7723,1838.174349501467
7724,1851.9392941656406
7725,1845.2872713261168
7726,1843.2017694891547
7727,1833.3901438952016
7728,1145.8151392691943
7729,1128.3179878304363
7730,1143.6650347948016
7731,1161.839715171256
7732,1162.8279203562124
7733,1163.5352932193782
7734,1143.8594023244514
7735,1177.7400315184495
7736,1243.1429957934888
7737,1288.0883934111043
7738,1329.2289692317136
7739,1368.7731099002121
7740,1427.9392718869494
7741,1461.1693650239904
7742,1569.6747443414351
7743,1614.6654833379725
7744,1674.7510226813902
7745,1743.1567256157869
7746,1818.9452780741267
7747,1823.4247240169789
7748,1822.698385535914
7749,1829.7215518080338
7750,1714.1633886480704
7751,1709.2637758888886
7752,1057.2902903095237
7753,1059.3225139847782
7754,1086.4411879765685
7755,1069.006203898025
7756,972.5542626328242
7757,734.1202902852674
7758,714.6244214399485
7759,662.8260063848575
7760,871.8698505158827
7761,913.9840721736546
7762,980.0451783693279
7763,968.4153744646756
7764,1070.4376896563626
7765,1168.4265136842732
7766,1272.0170680295269
7767,1317.2941166053351
7768,1429.7302980131062
7769,1511.6084431581548
7770,1556.509513058787
7771,1549.8061061852495
7772,1497.5855021960451
7773,1461.6973228251154
7774,1434.6492199676286
7775,1446.1326100246806
7776,746.9690501218429
7777,761.7539570533845
7778,776.1707761591824
7779,793.6037486482237
7780,795.2984599746123
7781,804.324144660699
7782,880.9332415684476
7783,958.8625652973715
7784,1055.095148485736
7785,1152.914009493863
7786,1225.225734683423
7787,1286.0666501926025
7788,1359.6927319914103
7789,1442.9194265387196
7790,1532.4668882756378
7791,1612.8454747209034
7792,1708.6257610070752
7793,1776.1113195646321
7794,1844.3466324011097
7795,1860.2176019158505
7796,1804.9710255676182
7797,1877.7197744582954
7798,1861.6229020144383
7799,1842.8049908734974
7800,1164.1602731226303
7801,1153.7338665242423
7802,1183.7518256808107
7803,1215.2512596565357
7804,1215.5393253440852
7805,1190.7701985880267
7806,1235.282233198057
7807,1256.9893463969056
7808,1249.2412657805835
7809,1282.7823200098646
7810,1344.4923200505436
7811,1327.8147512678697
7812,1386.7989866347925
7813,1460.5962886409252
7814,1422.736207218637
7815,1478.6082805381448
7816,1536.1648401755083
7817,1564.2387453114789
7818,1645.0572278304899
7819,1633.5320729493105
7820,1606.3805587328097
7821,1503.812434665655
7822,1313.352026933746
7823,1368.7434728884837
7824,723.0430740554584
7825,793.3623157877591
7826,726.1936521057796
7827,704.2836585200566
7828,713.3925949842669
7829,772.072383185674
7830,807.507305330917
7831,839.0885721828381
7832,880.6632071231725
7833,914.2016957597225
7834,1038.517469336366
7835,1061.1015402822522
7836,1036.4092767187103
7837,1079.3512287297053
7838,878.6836298815906
7839,931.624980899127
7840,1093.792148971901
7841,1053.2451630853466
7842,995.7495844196819
7843,1171.9844205961854
7844,1267.6804961183225
7845,1316.259168522607
7846,1335.4680752242857
7847,1360.8686756065
7848,685.0271981844271
7849,692.8284745744604
7850,715.7611907878891
7851,769.7710603647283
7852,811.0629055565223
7853,835.0562605090381
7854,869.7722468205611
7855,922.5764498551725
7856,918.1954427259625
7857,975.0247572409862
7858,1058.0573960948968
7859,1108.2487268693221
7860,1263.5726400279964
7861,1285.3066643109487
7862,1266.8982578464202
7863,1372.7862126859836
7864,1387.6003038598865
7865,1401.9980068225414
7866,1459.1616677658458
7867,1458.9893383720773
7868,1444.7989407307468
7869,1393.9246477563865
7870,1362.5791594070906
7871,1342.4875677241653
7872,693.4619860586245
7873,683.741558157868
7874,659.0693857430888
7875,655.5218629022711
7876,658.8439715541608
7877,639.312271863746
7878,656.4978088912612
7879,712.655361292127
7880,846.1728005826299
7881,975.958345967374
7882,1093.0059356805868
7883,1167.2530371596513
7884,1268.559225977573
7885,1334.5126518978796
7886,1216.886357887095
7887,1236.9131595641666
7888,1314.0360074998462
7889,1318.1560611884925
7890,1279.6020525769563
7891,1305.4049191429804
7892,1363.9895000302058
7893,1388.4240283657855
7894,1167.330514655332
7895,1168.909366070293
7896,542.2664112422208
7897,428.8931628977298
7898,390.6789232821611
7899,392.51475627868786
7900,340.20984167579445
7901,394.84885232243687
7902,506.5819214297808
7903,488.78506311026285
7904,614.8477514398401
7905,654.1388075046416
7906,589.2177698681189
7907,712.4060908191314
7908,762.8131797460373
7909,765.9357505573716
7910,845.0699226348952
7911,926.4520240689162
7912,1027.2240301167476
7913,1135.5647358679853
7914,1187.5025561069197
7915,1224.8376068362559
7916,1234.3648884253344
7917,1214.9104037767975
7918,1227.5811726249813
7919,1271.8913347102934
7920,609.20353014188
7921,561.9794458612159
7922,655.198516288714
7923,624.1615777312545
7924,616.1529765355517
7925,624.1978839487128
7926,707.9814020415943
7927,774.3889742009924
7928,854.0402743306186
7929,913.1540973343363
7930,992.1958703318378
7931,1011.081409610284
7932,854.4255591833789
7933,477.50031240371754
7934,726.8143026485632
7935,933.3786300440261
7936,878.4633539156639
7937,913.4183267687331
7938,220.97221128159435
7939,751.3786436810624
7940,396.29565845330944
7941,-191.08195552663528
7942,1098.2215798750985
7943,965.0478917202563
7944,455.44097554241307
7945,497.413196585112
7946,682.0619173892483
7947,770.5746500876849
7948,808.8960367257532
7949,823.63076544457
7950,880.1551922131912
7951,906.505810085946
7952,956.2784614385455
7953,1018.8199100548227
7954,1064.6438173128117
7955,1149.5019755282265
7956,1211.4538710136549
7957,1222.8628456206643
7958,1238.3779587532626
7959,1246.2255097343295
7960,1299.7198774192948
7961,1001.2672164356336
7962,961.1100449427031
7963,736.7684811325744
7964,128.41899723612005
7965,837.2381884023489
7966,963.6465003841149
7967,1174.7807296206302
7968,594.8928214844782
7969,622.8662919845665
7970,319.2918319765886
7971,573.2049915092648
7972,649.1235873229743
7973,642.3554091333936
7974,715.0568413245783
7975,737.564746649994
7976,755.4251811837312
7977,819.3144533772429
7978,935.0341691550857
7979,1009.7718447144143
7980,1107.9280604470696
7981,1162.8249043247197
7982,1271.7208513942314
7983,1253.9386936811206
7984,1243.055925846391
7985,1306.5051676474977
7986,1338.6520021251054
7987,1310.7132433480292
7988,1386.716687228618
7989,1395.1253201172512
7990,1424.5002503810101
7991,1440.5131138436554
7992,745.4273242566851
7993,743.0152539040428
7994,734.0493622781942
7995,751.2275592094811
7996,756.1262016075489
7997,759.7119948887266
7998,790.4599624607363
7999,820.850789029937
8000,851.4594480393862
8001,990.7583774142549
8002,1109.6215298229072
8003,1114.7482567800616
8004,1170.7862800990406
8005,1218.634208874806
8006,1294.6748516615771
8007,1384.6888746049954
8008,1389.0838481311803
8009,1474.3587786373391
8010,1493.5162474319222
8011,1424.994995825924
8012,1383.4391752324009
8013,1341.101902896131
8014,1330.495014366723
8015,1336.6906950070697
8016,571.3282579804654
8017,598.4078263413103
8018,627.2715801129234
8019,443.37022336985683
8020,350.3503549252928
8021,497.55833486499614
8022,433.0037141399516
8023,288.7571403873444
8024,369.4741747053922
8025,531.291830156144
8026,559.6309923612862
8027,661.5176207874902
8028,721.2553950280999
8029,790.5830130478425
8030,897.0116900402063
8031,988.6962258632411
8032,1050.7136907581007
8033,1097.3509911555448
8034,1120.4521728146356
8035,1112.4470665614062
8036,1117.0830533397675
8037,1143.573239586869
8038,1163.9701321919856
8039,1186.1512102079287
8040,553.8927965581825
8041,555.70506146978
8042,548.8771090558439
8043,507.0005912522902
8044,556.9873662468744
8045,208.85002232855186
8046,506.41647236357676
8047,514.128514899232
8048,608.398107585992
8049,709.884597457014
8050,848.991775675735
8051,1021.3552832166897
8052,1138.6574403003615
8053,1223.9057603637048
8054,1251.972859658592
8055,1307.2127396586875
8056,1359.5651219287538
8057,1447.8785788477107
8058,1489.6905295368633
8059,1471.9559922901099
8060,1401.7865393314569
8061,1371.7907301959349
8062,1314.2743593780324
8063,1288.8962082655635
8064,472.1793112955347
8065,497.8510849297454
8066,467.30881017190404
8067,503.7008952923352
8068,551.3933141914895
8069,603.3890021216066
8070,586.2120788751927
8071,597.4165719256271
8072,667.2066439565097
8073,773.1598665400234
8074,815.251824136998
8075,877.6897666740115
8076,952.4868152176205
8077,1044.977054844494
8078,1057.874077174405
8079,1175.700674862077
8080,1267.8134623339574
8081,1284.2530445349985
8082,1253.2682096390054
8083,1275.7637551966764
8084,1324.8171429869253
8085,1363.6171619078086
8086,1367.1962867160619
8087,1330.4917608862743
8088,638.2914149475691
8089,635.0423479044694
8090,597.4869693291839
8091,551.8138772914535
8092,521.8551454471599
8093,547.1040912847966
8094,573.5942775318981
8095,670.692695673235
8096,748.8355035950372
8097,806.4653280949278
8098,853.0618743804516
8099,891.7673135550867
8100,898.0197994244518
8101,953.3356165666482
8102,1016.5010983832763
8103,1079.3484841990576
8104,1161.9744710584346
8105,1242.7759490209573
8106,1288.0220374598284
8107,1195.2882631787797
8108,1158.2127971418668
8109,1150.4220707474742
8110,1279.4903692245716
8111,1218.463268607884
8112,521.3238344121492
8113,471.6131066439557
8114,464.140289862582
8115,428.0882643763325
8116,412.7286087211105
8117,416.9731143148965
8118,438.41345492127584
8119,430.45731350174174
8120,547.4555143501493
8121,706.1396880318352
8122,792.1989065216912
8123,864.434415593103
8124,933.8915538869624
8125,1002.5057407380664
8126,1063.5967555214884
8127,1142.8350634725357
8128,1225.9792916871666
8129,1300.6864247540943
8130,1327.5776964615216
8131,1325.8695782083378
8132,1289.2310491813987
8133,1277.978546680417
8134,1254.5800548076804
8135,1294.6165094214957
8136,739.908962457208
8137,742.5612358482031
8138,762.1066336600052
8139,764.3360792544263
8140,773.3589579882973
8141,779.7055586058996
8142,803.3993495319446
8143,829.6810957413982
8144,870.0130175173108
8145,936.4446693907084
8146,993.8505459933076
8147,1072.11624815088
8148,1095.9275076939375
8149,1133.634814001096
8150,1209.73061179262
8151,1269.645369587175
8152,1349.9613586245687
8153,1402.3478636200598
8154,1423.5704624345235
8155,1419.319149478717
8156,1437.3306876378774
8157,1448.2468326346716
8158,1449.3457952034078
8159,1439.7261228174611
8160,741.5526004415879
8161,726.1169461145473
8162,740.5719003735285
8163,708.5204333265137
8164,712.7649389202998
8165,702.7671993186232
8166,708.7958903232065
8167,732.3036757625232
8168,836.4543261200015
8169,914.2511671590619
8170,961.0336167688074
8171,1010.9617065617349
8172,1069.773761639197
8173,1150.855612550833
8174,1201.2532553365454
8175,1317.7905605054984
8176,1361.213326080906
8177,1432.8190223602287
8178,1460.1381726241962
8179,1428.0906170452072
8180,1406.6441527087882
8181,1404.51805295964
8182,1392.0301492495346
8183,1410.0940722422383
8184,-55.456166238785954
8185,-53.736583465361036
8186,-63.07894415044575
8187,-81.35159171064151
8188,-100.97975768492324
8189,-61.01930174289737
8190,-47.87926798584522
8191,-26.292271991900634
8192,36.005854449555045
8193,129.29420574611868
8194,164.83326782641234
8195,195.36796949568088
8196,249.15140132891247
8197,293.57574079785263
8198,339.5432233149477
8199,359.7093798239075
8200,426.9438885333075
8201,493.1914840687532
8202,511.0735916561389
8203,471.67111162803485
8204,405.70436647327733
8205,440.3435042738565
8206,407.5165411053749
8207,428.3362615070364
8208,573.5896560036635
8209,570.5773027494142
8210,586.8164424191636
8211,584.2327561616257
8212,598.2648826241202
8213,579.8061210561427
8214,559.5944121684006
8215,639.3491606221942
8216,757.4763771032158
8217,862.5134520583961
8218,957.7680297018087
8219,1000.4000938232057
8220,1089.655292255542
8221,1159.3669427016284
8222,1268.4777337489068
8223,1338.4029914136045
8224,1418.3997830295993
8225,1504.6680915164761
8226,1514.4320322529238
8227,1489.7726338831126
8228,1462.7999319885275
8229,1405.3843166853476
8230,1396.12147529301
8231,1371.9474872988067
8232,-94.64619918345124
8233,-137.06299081238103
8234,-130.5650348989293
8235,-130.47244304022752
8236,-147.72704148996854
8237,-184.70591839356348
8238,-196.64855852301116
8239,-192.41766962446854
8240,-56.883100506383926
8241,57.406641017936636
8242,122.73276385827921
8243,146.31679211897426
8244,253.05160802594037
8245,268.0689287261048
8246,360.98360888453317
8247,406.7431842449296
8248,483.6075038529816
8249,549.3357865168946
8250,573.5741311329766
8251,590.4782423824945
8252,568.782098048483
8253,566.6559982993931
8254,532.3562780851207
8255,494.9480921369395
8256,451.46334323915653
8257,483.66125303160516
8258,458.0107950105157
8259,416.9163914347009
8260,409.05532605943154
8261,396.65779809106607
8262,376.1061295266554
8263,378.5906142036838
8264,499.29391690177727
8265,653.4917472113157
8266,784.8374409573735
8267,920.6643554796174
8268,1018.3757758438587
8269,1062.3899344367092
8270,1138.8410763392749
8271,1218.2692445286084
8272,1289.4982339424896
8273,1339.0044672049407
8274,1286.5789592117071
8275,1239.3668251642666
8276,1188.7525535858877
8277,1217.4272811346164
8278,1145.9564069618355
8279,1169.3212953617622
8280,516.2704202738532
8281,520.8789225835062
8282,536.094867145468
8283,533.9648114569136
8284,534.4047108041705
8285,515.5460652870825
8286,537.4070778953028
8287,533.1985642333748
8288,648.0890886631678
8289,762.3042917635757
8290,860.1222050328797
8291,943.7505753898295
8292,997.6921593562583
8293,1088.760031588201
8294,1180.7467798693688
8295,1234.0896792464482
8296,1268.6359929338214
8297,1314.7197441837052
8298,1280.1288581611589
8299,1263.149891260371
8300,1206.7597572891973
8301,1154.2289127399272
8302,1120.538819423091
8303,1138.1882174777274
8304,463.8917489187734
8305,460.55396942040534
8306,423.9213068136887
8307,417.2370703505585
8308,411.11862199616735
8309,435.120307815494
8310,444.0939788145188
8311,524.8036259278015
8312,501.1281182290404
8313,538.7385561936244
8314,680.3493086848175
8315,732.9619279494218
8316,301.5952452298952
8317,569.1588634386135
8318,733.1294166445441
8319,850.5182443537633
8320,910.4507072020788
8321,1050.3098720119742
8322,988.8918882349681
8323,1014.5065856196161
8324,1029.5989366947324
8325,1022.3968424156774
8326,1007.6179590515094
8327,934.4266552781628
8328,265.8094187499082
8329,233.8946293865738
8330,201.74975166204968
8331,252.59219696940272
8332,238.35291749500902
8333,256.1544131282717
8334,254.05177863579593
8335,245.3989632303128
8336,319.50418236406404
8337,483.64059676325996
8338,636.5840837373398
8339,794.3117834240256
8340,898.4535964513489
8341,1017.4341926839843
8342,1089.4120966758055
8343,1118.3022440027853
8344,1177.2082454553165
8345,1204.4114988878719
8346,1175.894654470554
8347,1107.1802239150275
8348,1080.9988592110167
8349,1043.7269441414683
8350,1009.2203214725014
8351,985.8220363290457
8352,313.9145547953667
8353,294.00138869535294
8354,281.6426029924769
8355,308.3096661400923
8356,280.6004726207175
8357,261.89717366863624
8358,268.9604466483579
8359,295.9276012661867
8360,417.83778298972175
8361,579.7871224605478
8362,749.8213554345712
8363,893.9924056126911
8364,990.9810619340569
8365,1063.3746471322083
8366,1186.6161350194307
8367,1244.094753033045
8368,1315.392874645273
8369,1333.6778370781103
8370,1326.9862848799967
8371,1283.1439262955391
8372,1250.9311813581444
8373,1255.2946111242345
8374,1209.1130335483467
8375,1174.3244375795184
8376,550.5346698099165
8377,599.3798452524061
8378,599.0646012124198
8379,638.4974472442409
8380,636.0323496813653
8381,657.4847763924918
8382,656.6639802215504
8383,688.5257058680872
8384,494.4030138431408
8385,454.8281751241011
8386,539.9463823431288
8387,474.52422788058175
8388,475.57017911801813
8389,542.4573168073839
8390,313.23447397345444
8391,623.9226462020015
8392,771.5279914943967
8393,878.5299842401582
8394,926.5484935142449
8395,1036.0306458406558
8396,1058.5300381993584
8397,979.700001880643
8398,984.842439380096
8399,1091.3617045643623
8400,421.57191706463345
8401,478.72820801922353
8402,524.8614768959233
8403,520.9570309362316
8404,529.0472190525616
8405,485.9785691278812
8406,490.0623596046935
8407,532.5789764580841
8408,571.4732148215116
8409,631.7049506196927
8410,708.6660400334513
8411,748.1696301836346
8412,851.3590525248728
8413,873.204746899195
8414,942.4547267176677
8415,1012.3461226316867
8416,1018.2800174554577
8417,1091.1226355943072
8418,1095.0708455904387
8419,1077.4304508639616
8420,1092.8840925433324
8421,1066.6638064587605
8422,1043.0073645751108
8423,1054.0859012204746
8424,392.22002988588065
8425,429.8533554157184
8426,402.08559770908323
8427,418.32473737889086
8428,412.71962041198276
8429,432.69708183404873
8430,201.8579000555328
8431,264.6038674627489
8432,276.6685400818824
8433,193.32454394863453
8434,327.2093012727855
8435,398.8717524163658
8436,546.9645250761532
8437,645.7673974926001
8438,714.7079562547151
8439,819.0481574499572
8440,886.5174724785611
8441,592.5540065835521
8442,681.8823165859503
8443,688.5168765339477
8444,756.4130386652541
8445,820.3292060889362
8446,803.4568375236122
8447,834.6731205981923
8448,95.0232675318257
8449,91.31986296671676
8450,126.0808384482807
8451,307.15589767339407
8452,364.67069615313085
8453,274.90246967293206
8454,288.4653312265291
8455,314.0634247682174
8456,423.5849887941731
8457,594.230120222579
8458,717.2960155585024
8459,731.7699067364738
8460,777.9808646671008
8461,881.7993151515839
8462,953.7950245431275
8463,985.3132055737951
8464,1021.3307055451442
8465,1054.4392573005753
8466,1033.247600147297
8467,1007.9371814061597
8468,940.4412365116004
8469,906.3730329337122
8470,942.4472084410663
8471,936.0973589537316
8472,286.0926495582971
8473,299.07548881927505
8474,285.1914687829849
8475,273.28942656566505
8476,260.0724638464453
8477,224.87777235367685
8478,240.10470211316715
8479,322.6557373670512
8480,400.53504611950484
8481,517.5244303504005
8482,642.0142652120267
8483,669.6792983987834
8484,716.7178254232567
8485,782.0821532105911
8486,855.3643194452452
8487,934.6626213149575
8488,1014.510837724607
8489,1047.4164166623377
8490,984.5268101421534
8491,1000.3571817447955
8492,943.3954343287332
8493,1018.6744117131457
8494,1084.9571054195694
8495,1109.1315847451624
8496,375.5080002313771
8497,311.8288183476834
8498,333.97865827259375
8499,299.5188649891643
8500,299.0590245704225
8501,265.7258466568019
8502,266.08991101614083
8503,294.2070881779946
8504,401.43094799271785
8505,502.6986559799698
8506,599.118275614077
8507,690.9970407948713
8508,744.7918978701055
8509,831.45796054721
8510,893.0022888979584
8511,962.4604748583806
8512,1038.8059793523862
8513,1074.868118405051
8514,1043.8352077365853
8515,994.7591599024308
8516,940.1557809895312
8517,987.4431316379632
8518,993.9968853842292
8519,988.1938485542196
8520,202.6586567054619
8521,96.72218865549075
8522,117.58560445459443
8523,89.74500036876998
8524,166.84371611944516
8525,207.04479784498108
8526,228.07892318809172
8527,262.5233018284489
8528,273.8522697733133
8529,622.6703625514056
8530,759.3152020099515
8531,845.6197235849977
8532,853.3113758002291
8533,891.7648249521444
8534,825.3073708013108
8535,790.9264626627264
8536,820.28532799409
8537,793.657256249804
8538,826.9364890289144
8539,918.5581301011553
8540,995.8506614537328
8541,1002.3478750843788
8542,1011.6419752507645
8543,1032.9631566734752
8544,403.5129020541499
8545,402.790843859344
8546,374.36808486646623
8547,388.0104657127813
8548,437.55722949438496
8549,430.7787130102806
8550,423.92067723345826
8551,448.2698470761243
8552,516.1225517637504
8553,566.0188094457844
8554,629.4040847249562
8555,689.0992901213758
8556,713.0201545276504
8557,759.2136514249723
8558,813.7335923690116
8559,877.5018550434033
8560,928.7190736204793
8561,919.1149911030079
8562,903.6484337113507
8563,901.1565909074852
8564,957.1476401244872
8565,1032.8555341175525
8566,1001.1096562353487
8567,990.6732477679616
8568,300.8406301535142
8569,291.1955588767887
8570,319.58068791840924
8571,309.4409528420656
8572,330.02812212362187
8573,376.66605666888063
8574,388.59192543884274
8575,395.4019517650886
8576,405.26578618376516
8577,486.8606372397626
8578,569.3504502363212
8579,660.6072927596106
8580,689.6343771242828
8581,740.0492307963723
8582,783.1958153916057
8583,869.3527244469442
8584,921.3351912548824
8585,966.7545738851768
8586,985.385410281946
8587,983.7568529056152
8588,1005.1211948401178
8589,1011.7740266703186
8590,1029.8179684040952
8591,1055.5892192117171
8592,421.16192750787013
8593,453.32674226909876
8594,493.1323222943756
8595,530.5389359043329
8596,570.1178040097584
8597,601.2697668129404
8598,654.3559819044895
8599,103.3486005847517
8600,89.72681121979258
8601,-202.0887934495695
8602,259.5270153763413
8603,324.4579276331642
8604,390.3575298677315
8605,446.4666669415601
8606,492.21153836583835
8607,533.8850166986522
8608,519.7112535989436
8609,519.8645223295607
8610,536.3242296201352
8611,571.7954790315125
8612,589.3016519557859
8613,621.9998623698193
8614,651.7475420582341
8615,663.8180189689156
8616,12.870695462130243
8617,37.12984956393484
8618,65.77977659876342
8619,64.010437660967
8620,65.1747529967106
8621,21.28866141405888
8622,25.11587144731311
8623,31.15374276370858
8624,60.05610364029417
8625,176.3234350240673
8626,340.7548283659562
8627,490.12196911268984
8628,619.2035556328483
8629,743.8109765538247
8630,816.2076532356441
8631,851.4230176057026
8632,873.7130060379859
8633,888.3416870636283
8634,743.8778155693435
8635,734.4912088963611
8636,688.945957423799
8637,652.2714194628643
8638,649.0369728423539
8639,655.2083171948325
8640,-31.488862862926908
8641,-1.043242517102044
8642,-15.451846931304317
8643,-35.214192894723965
8644,-48.43142724849167
8645,37.93072507547913
8646,52.93574097813689
8647,66.31258064918802
8648,159.85470500090742
8649,261.4691873380216
8650,370.95979189986247
8651,464.93364646777627
8652,607.2869594366348
8653,773.6213269536383
8654,869.9205767728272
8655,967.5862623742432
8656,1040.7589111782727
8657,1024.7544570607133
8658,952.8034452532593
8659,900.5625259534281
8660,845.875145263999
8661,810.0951627674513
8662,826.7022981377377
8663,754.7248778152571
8664,72.18855412304401
8665,52.63595150216133
8666,33.50745411976823
8667,40.20161803506198
8668,28.326546264084755
8669,115.92813411174575
8670,161.9785425841401
8671,185.2995918011875
8672,286.8286923299311
8673,357.63480975627317
8674,455.14304502742016
8675,551.304246794025
8676,658.3305830399622
8677,746.3841593555699
8678,746.049249105301
8679,784.9246394722722
8680,796.0027471321519
8681,830.1127536255808
8682,809.7249874450208
8683,1027.4020995276514
8684,1104.3321911881212
8685,1129.9307916070684
8686,1144.82227268719
8687,1150.034662928898
8688,468.646098703437
8689,532.7226841072261
8690,499.21641489490867
8691,487.91616161054117
8692,585.6320796045475
8693,549.1854842811881
8694,576.9195817194704
8695,617.6162700595451
8696,628.7324211820378
8697,654.2109412493592
8698,702.8050856584159
8699,713.1656127480383
8700,728.0612732717127
8701,779.5321031745407
8702,860.1233063615509
8703,957.4926604937937
8704,1021.789013118163
8705,1057.4743787008338
8706,1060.7433305401064
8707,1095.3073679200315
8708,1054.9301970943343
8709,1062.103749488073
8710,1050.2909992241766
8711,1084.7101349421719
8712,412.35354926786385
8713,434.1364564894757
8714,472.06135038301
8715,479.03325466421666
8716,510.17405276055797
8717,527.9809169458167
8718,508.21508765255567
8719,498.58511543585337
8720,516.9310255438322
8721,583.6789270889712
8722,701.099632069905
8723,754.1846775390732
8724,819.8342558055592
8725,868.4834784631093
8726,888.1015498586639
8727,931.6673934541468
8728,930.1918008523935
8729,965.58114387776
8730,915.7922147245845
8731,941.0791578281205
8732,879.5389578607283
8733,890.895169572439
8734,849.3628265629231
8735,900.6674124213168
8736,171.7645071031584
8737,178.96722106769448
8738,140.23464982048608
8739,118.08955602074275
8740,108.65395645194803
8741,182.5606831497862
8742,190.11245269319625
8743,185.55680333639611
8744,222.53086720145075
8745,347.2721291881753
8746,444.7587609461916
8747,617.0427846132952
8748,698.5822612116754
8749,782.9149659253599
8750,839.1938715079159
8751,899.318237593543
8752,964.3311402553518
8753,1000.1035582866753
8754,986.6849461513921
8755,1008.4102791678451
8756,997.1268024948658
8757,971.851508871041
8758,973.4688644149282
8759,987.7889889213548
